id,first_name,last_name,email,gender
1,Thorsten,Pareman,tpareman0@webnode.com,Genderqueer
2,Tynan,Devinn,tdevinn1@cocolog-nifty.com,Male
3,Berthe,Shimony,bshimony2@ocn.ne.jp,Female
4,Quinta,Astupenas,qastupenas3@unesco.org,Female
5,Gertrud,Tevelov,gtevelov4@businessinsider.com,Female
6,Sven,Bingley,sbingley5@dropbox.com,Male
7,Aharon,Emerine,aemerine6@bing.com,Male
8,Freddie,Deport,fdeport7@usnews.com,Female
9,Bertina,Kirsopp,bkirsopp8@japanpost.jp,Female
10,Caleb,Wandless,cwandless9@cbc.ca,Male
11,Cosette,Alyoshin,calyoshina@slashdot.org,Female
12,Antoine,Stedman,astedmanb@stumbleupon.com,Male
13,Correy,Haggath,chaggathc@bluehost.com,Male
14,Collen,Dow,cdowd@blog.com,Female
15,Cammie,Ellsom,cellsome@wiley.com,Female
16,Reynolds,Weblin,rweblinf@163.com,Male
17,Sibelle,Petcher,spetcherg@biblegateway.com,Genderqueer
18,Gordan,Scothorn,gscothornh@dropbox.com,Male
19,Carolyne,Devine,cdevinei@arstechnica.com,Female
20,Merwyn,Dugald,mdugaldj@huffingtonpost.com,Male
21,Somerset,Lintot,slintotk@google.com.hk,Male
22,Melita,Finnigan,mfinniganl@upenn.edu,Female
23,Emily,Walstow,ewalstowm@berkeley.edu,Female
24,Osbourne,Swin,oswinn@discovery.com,Male
25,Brig,Bestwick,bbestwicko@yandex.ru,Male
26,Roderich,Pitherick,rpitherickp@biglobe.ne.jp,Male
27,Logan,Pooley,lpooleyq@skype.com,Male
28,Rickert,Campelli,rcampellir@blogspot.com,Male
29,Isabelle,Rylatt,irylatts@slate.com,Bigender
30,Ezechiel,Antonich,eantonicht@lulu.com,Male
31,Grover,Pick,gpicku@ucoz.com,Male
32,Westbrooke,Leall,wleallv@livejournal.com,Male
33,Marion,Ridler,mridlerw@gmpg.org,Female
34,Geraldine,Oager,goagerx@goo.gl,Female
35,Barclay,Lynthal,blynthaly@booking.com,Male
36,Dallas,Brudenell,dbrudenellz@zdnet.com,Female
37,Judah,Pentony,jpentony10@dell.com,Male
38,Howey,Crosby,hcrosby11@canalblog.com,Male
39,Edee,Feehery,efeehery12@sphinn.com,Female
40,Brandtr,Walklett,bwalklett13@eventbrite.com,Male
41,Chanda,Buckston,cbuckston14@typepad.com,Female
42,Lindon,Hoovart,lhoovart15@123-reg.co.uk,Male
43,Woody,Leonard,wleonard16@alibaba.com,Non-binary
44,Sosanna,Waulker,swaulker17@addthis.com,Female
45,Shea,Oloman,soloman18@jugem.jp,Female
46,Kermy,Cockren,kcockren19@about.me,Male
47,Blakeley,Peiser,bpeiser1a@cornell.edu,Female
48,Nicoli,Pellman,npellman1b@si.edu,Female
49,Sheppard,Craister,scraister1c@techcrunch.com,Male
50,Anatollo,Eixenberger,aeixenberger1d@pen.io,Male
